"filename", "language", "JavaScript", "Properties", "JSON", "HTML", "PostCSS", "Markdown", "comment", "blank", "total"
"/Users/admin/Desktop/CODE/SignOuts/JS/SignOutsJSFinal/.env", "Properties", 0, 6, 0, 0, 0, 0, 4, 4, 14
"/Users/admin/Desktop/CODE/SignOuts/JS/SignOutsJSFinal/LICENSE.md", "Markdown", 0, 0, 0, 0, 0, 21, 0, 18, 39
"/Users/admin/Desktop/CODE/SignOuts/JS/SignOutsJSFinal/package-lock.json", "JSON", 0, 0, 2677, 0, 0, 0, 0, 1, 2678
"/Users/admin/Desktop/CODE/SignOuts/JS/SignOutsJSFinal/package.json", "JSON", 0, 0, 35, 0, 0, 0, 0, 1, 36
"/Users/admin/Desktop/CODE/SignOuts/JS/SignOutsJSFinal/public/css/audit-logs.css", "PostCSS", 0, 0, 0, 0, 296, 0, 14, 61, 371
"/Users/admin/Desktop/CODE/SignOuts/JS/SignOutsJSFinal/public/css/base.css", "PostCSS", 0, 0, 0, 0, 140, 0, 2, 5, 147
"/Users/admin/Desktop/CODE/SignOuts/JS/SignOutsJSFinal/public/css/buttons.css", "PostCSS", 0, 0, 0, 0, 192, 0, 6, 34, 232
"/Users/admin/Desktop/CODE/SignOuts/JS/SignOutsJSFinal/public/css/connection.css", "PostCSS", 0, 0, 0, 0, 124, 0, 3, 21, 148
"/Users/admin/Desktop/CODE/SignOuts/JS/SignOutsJSFinal/public/css/forms.css", "PostCSS", 0, 0, 0, 0, 149, 0, 3, 26, 178
"/Users/admin/Desktop/CODE/SignOuts/JS/SignOutsJSFinal/public/css/header.css", "PostCSS", 0, 0, 0, 0, 309, 0, 3, 50, 362
"/Users/admin/Desktop/CODE/SignOuts/JS/SignOutsJSFinal/public/css/login.css", "PostCSS", 0, 0, 0, 0, 333, 0, 5, 52, 390
"/Users/admin/Desktop/CODE/SignOuts/JS/SignOutsJSFinal/public/css/logsview.css", "PostCSS", 0, 0, 0, 0, 114, 0, 0, 23, 137
"/Users/admin/Desktop/CODE/SignOuts/JS/SignOutsJSFinal/public/css/main.css", "PostCSS", 0, 0, 0, 0, 724, 0, 19, 125, 868
"/Users/admin/Desktop/CODE/SignOuts/JS/SignOutsJSFinal/public/css/modals.css", "PostCSS", 0, 0, 0, 0, 1178, 0, 30, 182, 1390
"/Users/admin/Desktop/CODE/SignOuts/JS/SignOutsJSFinal/public/css/notifications.css", "PostCSS", 0, 0, 0, 0, 149, 0, 1, 26, 176
"/Users/admin/Desktop/CODE/SignOuts/JS/SignOutsJSFinal/public/css/tables.css", "PostCSS", 0, 0, 0, 0, 247, 0, 9, 40, 296
"/Users/admin/Desktop/CODE/SignOuts/JS/SignOutsJSFinal/public/index.html", "HTML", 0, 0, 0, 714, 0, 0, 8, 68, 790
"/Users/admin/Desktop/CODE/SignOuts/JS/SignOutsJSFinal/public/js/SoldierSignOutApp.js", "JavaScript", 94, 0, 0, 0, 0, 0, 2, 21, 117
"/Users/admin/Desktop/CODE/SignOuts/JS/SignOutsJSFinal/public/js/config/timezone-config.js", "JavaScript", 55, 0, 0, 0, 0, 0, 22, 10, 87
"/Users/admin/Desktop/CODE/SignOuts/JS/SignOutsJSFinal/public/js/modules/audit-logs-manager.js", "JavaScript", 417, 0, 0, 0, 0, 0, 151, 99, 667
"/Users/admin/Desktop/CODE/SignOuts/JS/SignOutsJSFinal/public/js/modules/auth-manager.js", "JavaScript", 295, 0, 0, 0, 0, 0, 14, 63, 372
"/Users/admin/Desktop/CODE/SignOuts/JS/SignOutsJSFinal/public/js/modules/barcode-manager.js", "JavaScript", 124, 0, 0, 0, 0, 0, 0, 36, 160
"/Users/admin/Desktop/CODE/SignOuts/JS/SignOutsJSFinal/public/js/modules/barcode-parser.js", "JavaScript", 148, 0, 0, 0, 0, 0, 0, 62, 210
"/Users/admin/Desktop/CODE/SignOuts/JS/SignOutsJSFinal/public/js/modules/connection-manager.js", "JavaScript", 156, 0, 0, 0, 0, 0, 6, 28, 190
"/Users/admin/Desktop/CODE/SignOuts/JS/SignOutsJSFinal/public/js/modules/dom-manager.js", "JavaScript", 153, 0, 0, 0, 0, 0, 32, 29, 214
"/Users/admin/Desktop/CODE/SignOuts/JS/SignOutsJSFinal/public/js/modules/event-manager.js", "JavaScript", 260, 0, 0, 0, 0, 0, 17, 41, 318
"/Users/admin/Desktop/CODE/SignOuts/JS/SignOutsJSFinal/public/js/modules/frontend-error-handler.js", "JavaScript", 244, 0, 0, 0, 0, 0, 319, 46, 609
"/Users/admin/Desktop/CODE/SignOuts/JS/SignOutsJSFinal/public/js/modules/keyboard-manager.js", "JavaScript", 43, 0, 0, 0, 0, 0, 0, 8, 51
"/Users/admin/Desktop/CODE/SignOuts/JS/SignOutsJSFinal/public/js/modules/login.js", "JavaScript", 438, 0, 0, 0, 0, 0, 38, 96, 572
"/Users/admin/Desktop/CODE/SignOuts/JS/SignOutsJSFinal/public/js/modules/logs-manager.js", "JavaScript", 272, 0, 0, 0, 0, 0, 11, 69, 352
"/Users/admin/Desktop/CODE/SignOuts/JS/SignOutsJSFinal/public/js/modules/modal-manager.js", "JavaScript", 1136, 0, 0, 0, 0, 0, 63, 108, 1307
"/Users/admin/Desktop/CODE/SignOuts/JS/SignOutsJSFinal/public/js/modules/notifications.js", "JavaScript", 83, 0, 0, 0, 0, 0, 0, 35, 118
"/Users/admin/Desktop/CODE/SignOuts/JS/SignOutsJSFinal/public/js/modules/permissions-manager.js", "JavaScript", 347, 0, 0, 0, 0, 0, 123, 55, 525
"/Users/admin/Desktop/CODE/SignOuts/JS/SignOutsJSFinal/public/js/modules/settings-manager.js", "JavaScript", 158, 0, 0, 0, 0, 0, 13, 32, 203
"/Users/admin/Desktop/CODE/SignOuts/JS/SignOutsJSFinal/public/js/modules/signout-manager.js", "JavaScript", 241, 0, 0, 0, 0, 0, 3, 18, 262
"/Users/admin/Desktop/CODE/SignOuts/JS/SignOutsJSFinal/public/js/modules/theme-manager.js", "JavaScript", 108, 0, 0, 0, 0, 0, 1, 20, 129
"/Users/admin/Desktop/CODE/SignOuts/JS/SignOutsJSFinal/public/js/modules/user-manager.js", "JavaScript", 493, 0, 0, 0, 0, 0, 19, 102, 614
"/Users/admin/Desktop/CODE/SignOuts/JS/SignOutsJSFinal/public/js/modules/utils.js", "JavaScript", 188, 0, 0, 0, 0, 0, 42, 44, 274
"/Users/admin/Desktop/CODE/SignOuts/JS/SignOutsJSFinal/public/js/modules/view-manager.js", "JavaScript", 230, 0, 0, 0, 0, 0, 18, 45, 293
"/Users/admin/Desktop/CODE/SignOuts/JS/SignOutsJSFinal/public/login.html", "HTML", 0, 0, 0, 79, 0, 0, 0, 16, 95
"/Users/admin/Desktop/CODE/SignOuts/JS/SignOutsJSFinal/server.js", "JavaScript", 90, 0, 0, 0, 0, 0, 6, 27, 123
"/Users/admin/Desktop/CODE/SignOuts/JS/SignOutsJSFinal/setup.js", "JavaScript", 293, 0, 0, 0, 0, 0, 7, 48, 348
"/Users/admin/Desktop/CODE/SignOuts/JS/SignOutsJSFinal/src/database/database.js", "JavaScript", 335, 0, 0, 0, 0, 0, 2, 80, 417
"/Users/admin/Desktop/CODE/SignOuts/JS/SignOutsJSFinal/src/database/modules/audit-manager.js", "JavaScript", 245, 0, 0, 0, 0, 0, 70, 36, 351
"/Users/admin/Desktop/CODE/SignOuts/JS/SignOutsJSFinal/src/database/modules/permissions-manager.js", "JavaScript", 713, 0, 0, 0, 0, 0, 153, 78, 944
"/Users/admin/Desktop/CODE/SignOuts/JS/SignOutsJSFinal/src/database/modules/preferences-manager.js", "JavaScript", 48, 0, 0, 0, 0, 0, 0, 9, 57
"/Users/admin/Desktop/CODE/SignOuts/JS/SignOutsJSFinal/src/database/modules/signout-manager.js", "JavaScript", 360, 0, 0, 0, 0, 0, 0, 47, 407
"/Users/admin/Desktop/CODE/SignOuts/JS/SignOutsJSFinal/src/database/modules/user-manager.js", "JavaScript", 337, 0, 0, 0, 0, 0, 4, 76, 417
"/Users/admin/Desktop/CODE/SignOuts/JS/SignOutsJSFinal/src/database/modules/utilities-manager.js", "JavaScript", 353, 0, 0, 0, 0, 0, 0, 48, 401
"/Users/admin/Desktop/CODE/SignOuts/JS/SignOutsJSFinal/src/middleware/auth.js", "JavaScript", 66, 0, 0, 0, 0, 0, 3, 10, 79
"/Users/admin/Desktop/CODE/SignOuts/JS/SignOutsJSFinal/src/middleware/permissions.js", "JavaScript", 279, 0, 0, 0, 0, 0, 76, 29, 384
"/Users/admin/Desktop/CODE/SignOuts/JS/SignOutsJSFinal/src/routes/audit-logs.js", "JavaScript", 133, 0, 0, 0, 0, 0, 39, 18, 190
"/Users/admin/Desktop/CODE/SignOuts/JS/SignOutsJSFinal/src/routes/auth.js", "JavaScript", 112, 0, 0, 0, 0, 0, 6, 20, 138
"/Users/admin/Desktop/CODE/SignOuts/JS/SignOutsJSFinal/src/routes/index.js", "JavaScript", 16, 0, 0, 0, 0, 0, 1, 2, 19
"/Users/admin/Desktop/CODE/SignOuts/JS/SignOutsJSFinal/src/routes/main.js", "JavaScript", 41, 0, 0, 0, 0, 0, 5, 8, 54
"/Users/admin/Desktop/CODE/SignOuts/JS/SignOutsJSFinal/src/routes/permissions.js", "JavaScript", 389, 0, 0, 0, 0, 0, 57, 50, 496
"/Users/admin/Desktop/CODE/SignOuts/JS/SignOutsJSFinal/src/routes/preferences.js", "JavaScript", 121, 0, 0, 0, 0, 0, 0, 19, 140
"/Users/admin/Desktop/CODE/SignOuts/JS/SignOutsJSFinal/src/routes/settings.js", "JavaScript", 146, 0, 0, 0, 0, 0, 9, 22, 177
"/Users/admin/Desktop/CODE/SignOuts/JS/SignOutsJSFinal/src/routes/signouts.js", "JavaScript", 420, 0, 0, 0, 0, 0, 17, 66, 503
"/Users/admin/Desktop/CODE/SignOuts/JS/SignOutsJSFinal/src/routes/soldiers.js", "JavaScript", 518, 0, 0, 0, 0, 0, 1, 122, 641
"/Users/admin/Desktop/CODE/SignOuts/JS/SignOutsJSFinal/src/routes/users.js", "JavaScript", 617, 0, 0, 0, 0, 0, 15, 62, 694
"/Users/admin/Desktop/CODE/SignOuts/JS/SignOutsJSFinal/src/utils/barcode-parser.js", "JavaScript", 150, 0, 0, 0, 0, 0, 0, 64, 214
"/Users/admin/Desktop/CODE/SignOuts/JS/SignOutsJSFinal/src/utils/error-handler.js", "JavaScript", 229, 0, 0, 0, 0, 0, 399, 45, 673
"Total", "-", 11694, 6, 2712, 793, 3955, 21, 1871, 2806, 23858